itemnum,asset
NA100064,N/A
,
NA100193,N/A
,
NA100255,N/A
NA100255,N/A
NA100255,N/A
NA100255,N/A
NA100255,N/A
,
NA100316,AS465491
,
NA100712,AS465492
NA100712,AS465493
NA100712,AS465494
NA100712,AS465495
NA100712,AS465496
NA100712,AS465497
NA100712,AS465498
NA100712,AS465499
NA100712,AS465500
NA100712,AS465501
NA100712,AS465502
NA100712,AS465503
NA100712,AS465504
NA100712,AS465505
NA100712,AS465506
NA100712,AS465507
NA100712,AS465508
NA100712,AS465509
NA100712,AS465510
NA100712,AS465511
NA100712,AS465512
,
NA100749,AS465513
NA100749,AS465514
,
NA100849,N/A
NA100849,N/A
,
NA101562,AS465515
,
NA101585,AS465516
NA101585,AS465517
NA101585,AS465516
NA101585,AS465517
NA101585,AS465516
NA101585,AS465517
,
NA304031,N/A
,
NA332449,N/A
NA332449,N/A
,
NA33273,AS465518
NA33273,AS465519
NA33273,AS465520
NA33273,AS465521
NA33273,AS465522
NA33273,AS465523
NA33273,AS465524
NA33273,AS465525
NA33273,AS465526
NA33273,AS465527
NA33273,AS465528
NA33273,AS465529
NA33273,AS465530
NA33273,AS465531
NA33273,AS465532
NA33273,AS465533
NA33273,AS465534
NA33273,AS465535
NA33273,AS465536
NA33273,AS465537
NA33273,AS465538
NA33273,AS465539
NA33273,AS465540
NA33273,AS465541
NA33273,AS465542
NA33273,AS465543
NA33273,AS465544
NA33273,AS465545
NA33273,AS465546
NA33273,AS465547
NA33273,AS465548
NA33273,AS465549
NA33273,AS465550
NA33273,AS465551
NA33273,AS465552
NA33273,AS465553
NA33273,AS465554
NA33273,AS465555
NA33273,AS465556
NA33273,AS465557
NA33273,AS465558
NA33273,AS465559
NA33273,AS465560
NA33273,AS465561
NA33273,AS465562
NA33273,AS465563
NA33273,AS465564
NA33273,AS465565
NA33273,AS465566
NA33273,AS465567
NA33273,AS465568
NA33273,AS465569
NA33273,AS465518
NA33273,AS465519
NA33273,AS465520
NA33273,AS465521
NA33273,AS465522
NA33273,AS465523
NA33273,AS465524
NA33273,AS465525
NA33273,AS465526
NA33273,AS465527
NA33273,AS465528
NA33273,AS465529
NA33273,AS465530
NA33273,AS465531
NA33273,AS465532
NA33273,AS465533
NA33273,AS465534
NA33273,AS465535
NA33273,AS465536
NA33273,AS465537
NA33273,AS465538
NA33273,AS465539
NA33273,AS465540
NA33273,AS465541
NA33273,AS465542
NA33273,AS465543
NA33273,AS465544
NA33273,AS465545
NA33273,AS465546
NA33273,AS465547
NA33273,AS465548
NA33273,AS465549
NA33273,AS465550
NA33273,AS465551
NA33273,AS465552
NA33273,AS465553
NA33273,AS465554
NA33273,AS465555
NA33273,AS465556
NA33273,AS465557
NA33273,AS465558
NA33273,AS465559
NA33273,AS465560
NA33273,AS465561
NA33273,AS465562
NA33273,AS465563
NA33273,AS465564
NA33273,AS465565
NA33273,AS465566
NA33273,AS465567
NA33273,AS465568
NA33273,AS465569
NA33273,AS465518
NA33273,AS465519
NA33273,AS465520
NA33273,AS465521
NA33273,AS465522
NA33273,AS465523
NA33273,AS465524
NA33273,AS465525
NA33273,AS465526
NA33273,AS465527
NA33273,AS465528
NA33273,AS465529
NA33273,AS465530
NA33273,AS465531
NA33273,AS465532
NA33273,AS465533
NA33273,AS465534
NA33273,AS465535
NA33273,AS465536
NA33273,AS465537
NA33273,AS465538
NA33273,AS465539
NA33273,AS465540
NA33273,AS465541
NA33273,AS465542
NA33273,AS465543
NA33273,AS465544
NA33273,AS465545
NA33273,AS465546
NA33273,AS465547
NA33273,AS465548
NA33273,AS465549
NA33273,AS465550
NA33273,AS465551
NA33273,AS465552
NA33273,AS465553
NA33273,AS465554
NA33273,AS465555
NA33273,AS465556
NA33273,AS465557
NA33273,AS465558
NA33273,AS465559
NA33273,AS465560
NA33273,AS465561
NA33273,AS465562
NA33273,AS465563
NA33273,AS465564
NA33273,AS465565
NA33273,AS465566
NA33273,AS465567
NA33273,AS465568
NA33273,AS465569
NA33273,AS465518
NA33273,AS465519
NA33273,AS465520
NA33273,AS465521
NA33273,AS465522
NA33273,AS465523
NA33273,AS465524
NA33273,AS465525
NA33273,AS465526
NA33273,AS465527
NA33273,AS465528
NA33273,AS465529
NA33273,AS465530
NA33273,AS465531
NA33273,AS465532
NA33273,AS465533
NA33273,AS465534
NA33273,AS465535
NA33273,AS465536
NA33273,AS465537
NA33273,AS465538
NA33273,AS465539
NA33273,AS465540
NA33273,AS465541
NA33273,AS465542
NA33273,AS465543
NA33273,AS465544
NA33273,AS465545
NA33273,AS465546
NA33273,AS465547
NA33273,AS465548
NA33273,AS465549
NA33273,AS465550
NA33273,AS465551
NA33273,AS465552
NA33273,AS465553
NA33273,AS465554
NA33273,AS465555
NA33273,AS465556
NA33273,AS465557
NA33273,AS465558
NA33273,AS465559
NA33273,AS465560
NA33273,AS465561
NA33273,AS465562
NA33273,AS465563
NA33273,AS465564
NA33273,AS465565
NA33273,AS465566
NA33273,AS465567
NA33273,AS465568
NA33273,AS465569
NA33273,AS465518
NA33273,AS465519
NA33273,AS465520
NA33273,AS465521
NA33273,AS465522
NA33273,AS465523
NA33273,AS465524
NA33273,AS465525
NA33273,AS465526
NA33273,AS465527
NA33273,AS465528
NA33273,AS465529
NA33273,AS465530
NA33273,AS465531
NA33273,AS465532
NA33273,AS465533
NA33273,AS465534
NA33273,AS465535
NA33273,AS465536
NA33273,AS465537
NA33273,AS465538
NA33273,AS465539
NA33273,AS465540
NA33273,AS465541
NA33273,AS465542
NA33273,AS465543
NA33273,AS465544
NA33273,AS465545
NA33273,AS465546
NA33273,AS465547
NA33273,AS465548
NA33273,AS465549
NA33273,AS465550
NA33273,AS465551
NA33273,AS465552
NA33273,AS465553
NA33273,AS465554
NA33273,AS465555
NA33273,AS465556
NA33273,AS465557
NA33273,AS465558
NA33273,AS465559
NA33273,AS465560
NA33273,AS465561
NA33273,AS465562
NA33273,AS465563
NA33273,AS465564
NA33273,AS465565
NA33273,AS465566
NA33273,AS465567
NA33273,AS465568
NA33273,AS465569
NA33273,AS465518
NA33273,AS465519
NA33273,AS465520
NA33273,AS465521
NA33273,AS465522
NA33273,AS465523
NA33273,AS465524
NA33273,AS465525
NA33273,AS465526
NA33273,AS465527
NA33273,AS465528
NA33273,AS465529
NA33273,AS465530
NA33273,AS465531
NA33273,AS465532
NA33273,AS465533
NA33273,AS465534
NA33273,AS465535
NA33273,AS465536
NA33273,AS465537
NA33273,AS465538
NA33273,AS465539
NA33273,AS465540
NA33273,AS465541
NA33273,AS465542
NA33273,AS465543
NA33273,AS465544
NA33273,AS465545
NA33273,AS465546
NA33273,AS465547
NA33273,AS465548
NA33273,AS465549
NA33273,AS465550
NA33273,AS465551
NA33273,AS465552
NA33273,AS465553
NA33273,AS465554
NA33273,AS465555
NA33273,AS465556
NA33273,AS465557
NA33273,AS465558
NA33273,AS465559
NA33273,AS465560
NA33273,AS465561
NA33273,AS465562
NA33273,AS465563
NA33273,AS465564
NA33273,AS465565
NA33273,AS465566
NA33273,AS465567
NA33273,AS465568
NA33273,AS465569
NA33273,AS465518
NA33273,AS465519
NA33273,AS465520
NA33273,AS465521
NA33273,AS465522
NA33273,AS465523
NA33273,AS465524
NA33273,AS465525
NA33273,AS465526
NA33273,AS465527
NA33273,AS465528
NA33273,AS465529
NA33273,AS465530
NA33273,AS465531
NA33273,AS465532
NA33273,AS465533
NA33273,AS465534
NA33273,AS465535
NA33273,AS465536
NA33273,AS465537
NA33273,AS465538
NA33273,AS465539
NA33273,AS465540
NA33273,AS465541
NA33273,AS465542
NA33273,AS465543
NA33273,AS465544
NA33273,AS465545
NA33273,AS465546
NA33273,AS465547
NA33273,AS465548
NA33273,AS465549
NA33273,AS465550
NA33273,AS465551
NA33273,AS465552
NA33273,AS465553
NA33273,AS465554
NA33273,AS465555
NA33273,AS465556
NA33273,AS465557
NA33273,AS465558
NA33273,AS465559
NA33273,AS465560
NA33273,AS465561
NA33273,AS465562
NA33273,AS465563
NA33273,AS465564
NA33273,AS465565
NA33273,AS465566
NA33273,AS465567
NA33273,AS465568
NA33273,AS465569
NA33273,AS465518
NA33273,AS465519
NA33273,AS465520
NA33273,AS465521
NA33273,AS465522
NA33273,AS465523
NA33273,AS465524
NA33273,AS465525
NA33273,AS465526
NA33273,AS465527
NA33273,AS465528
NA33273,AS465529
NA33273,AS465530
NA33273,AS465531
NA33273,AS465532
NA33273,AS465533
NA33273,AS465534
NA33273,AS465535
NA33273,AS465536
NA33273,AS465537
NA33273,AS465538
NA33273,AS465539
NA33273,AS465540
NA33273,AS465541
NA33273,AS465542
NA33273,AS465543
NA33273,AS465544
NA33273,AS465545
NA33273,AS465546
NA33273,AS465547
NA33273,AS465548
NA33273,AS465549
NA33273,AS465550
NA33273,AS465551
NA33273,AS465552
NA33273,AS465553
NA33273,AS465554
NA33273,AS465555
NA33273,AS465556
NA33273,AS465557
NA33273,AS465558
NA33273,AS465559
NA33273,AS465560
NA33273,AS465561
NA33273,AS465562
NA33273,AS465563
NA33273,AS465564
NA33273,AS465565
NA33273,AS465566
NA33273,AS465567
NA33273,AS465568
NA33273,AS465569
NA33273,AS465518
NA33273,AS465519
NA33273,AS465520
NA33273,AS465521
NA33273,AS465522
NA33273,AS465523
NA33273,AS465524
NA33273,AS465525
NA33273,AS465526
NA33273,AS465527
NA33273,AS465528
NA33273,AS465529
NA33273,AS465530
NA33273,AS465531
NA33273,AS465532
NA33273,AS465533
NA33273,AS465534
NA33273,AS465535
NA33273,AS465536
NA33273,AS465537
NA33273,AS465538
NA33273,AS465539
NA33273,AS465540
NA33273,AS465541
NA33273,AS465542
NA33273,AS465543
NA33273,AS465544
NA33273,AS465545
NA33273,AS465546
NA33273,AS465547
NA33273,AS465548
NA33273,AS465549
NA33273,AS465550
NA33273,AS465551
NA33273,AS465552
NA33273,AS465553
NA33273,AS465554
NA33273,AS465555
NA33273,AS465556
NA33273,AS465557
NA33273,AS465558
NA33273,AS465559
NA33273,AS465560
NA33273,AS465561
NA33273,AS465562
NA33273,AS465563
NA33273,AS465564
NA33273,AS465565
NA33273,AS465566
NA33273,AS465567
NA33273,AS465568
NA33273,AS465569
NA33273,AS465518
NA33273,AS465519
NA33273,AS465520
NA33273,AS465521
NA33273,AS465522
NA33273,AS465523
NA33273,AS465524
NA33273,AS465525
NA33273,AS465526
NA33273,AS465527
NA33273,AS465528
NA33273,AS465529
NA33273,AS465530
NA33273,AS465531
NA33273,AS465532
NA33273,AS465533
NA33273,AS465534
NA33273,AS465535
NA33273,AS465536
NA33273,AS465537
NA33273,AS465538
NA33273,AS465539
NA33273,AS465540
NA33273,AS465541
NA33273,AS465542
NA33273,AS465543
NA33273,AS465544
NA33273,AS465545
NA33273,AS465546
NA33273,AS465547
NA33273,AS465548
NA33273,AS465549
NA33273,AS465550
NA33273,AS465551
NA33273,AS465552
NA33273,AS465553
NA33273,AS465554
NA33273,AS465555
NA33273,AS465556
NA33273,AS465557
NA33273,AS465558
NA33273,AS465559
NA33273,AS465560
NA33273,AS465561
NA33273,AS465562
NA33273,AS465563
NA33273,AS465564
NA33273,AS465565
NA33273,AS465566
NA33273,AS465567
NA33273,AS465568
NA33273,AS465569
NA33273,AS465518
NA33273,AS465519
NA33273,AS465520
NA33273,AS465521
NA33273,AS465522
NA33273,AS465523
NA33273,AS465524
NA33273,AS465525
NA33273,AS465526
NA33273,AS465527
NA33273,AS465528
NA33273,AS465529
NA33273,AS465530
NA33273,AS465531
NA33273,AS465532
NA33273,AS465533
NA33273,AS465534
NA33273,AS465535
NA33273,AS465536
NA33273,AS465537
NA33273,AS465538
NA33273,AS465539
NA33273,AS465540
NA33273,AS465541
NA33273,AS465542
NA33273,AS465543
NA33273,AS465544
NA33273,AS465545
NA33273,AS465546
NA33273,AS465547
NA33273,AS465548
NA33273,AS465549
NA33273,AS465550
NA33273,AS465551
NA33273,AS465552
NA33273,AS465553
NA33273,AS465554
NA33273,AS465555
NA33273,AS465556
NA33273,AS465557
NA33273,AS465558
NA33273,AS465559
NA33273,AS465560
NA33273,AS465561
NA33273,AS465562
NA33273,AS465563
NA33273,AS465564
NA33273,AS465565
NA33273,AS465566
NA33273,AS465567
NA33273,AS465568
NA33273,AS465569
NA33273,AS465518
NA33273,AS465519
NA33273,AS465520
NA33273,AS465521
NA33273,AS465522
NA33273,AS465523
NA33273,AS465524
NA33273,AS465525
NA33273,AS465526
NA33273,AS465527
NA33273,AS465528
NA33273,AS465529
NA33273,AS465530
NA33273,AS465531
NA33273,AS465532
NA33273,AS465533
NA33273,AS465534
NA33273,AS465535
NA33273,AS465536
NA33273,AS465537
NA33273,AS465538
NA33273,AS465539
NA33273,AS465540
NA33273,AS465541
NA33273,AS465542
NA33273,AS465543
NA33273,AS465544
NA33273,AS465545
NA33273,AS465546
NA33273,AS465547
NA33273,AS465548
NA33273,AS465549
NA33273,AS465550
NA33273,AS465551
NA33273,AS465552
NA33273,AS465553
NA33273,AS465554
NA33273,AS465555
NA33273,AS465556
NA33273,AS465557
NA33273,AS465558
NA33273,AS465559
NA33273,AS465560
NA33273,AS465561
NA33273,AS465562
NA33273,AS465563
NA33273,AS465564
NA33273,AS465565
NA33273,AS465566
NA33273,AS465567
NA33273,AS465568
NA33273,AS465569
NA33273,AS465518
NA33273,AS465519
NA33273,AS465520
NA33273,AS465521
NA33273,AS465522
NA33273,AS465523
NA33273,AS465524
NA33273,AS465525
NA33273,AS465526
NA33273,AS465527
NA33273,AS465528
NA33273,AS465529
NA33273,AS465530
NA33273,AS465531
NA33273,AS465532
NA33273,AS465533
NA33273,AS465534
NA33273,AS465535
NA33273,AS465536
NA33273,AS465537
NA33273,AS465538
NA33273,AS465539
NA33273,AS465540
NA33273,AS465541
NA33273,AS465542
NA33273,AS465543
NA33273,AS465544
NA33273,AS465545
NA33273,AS465546
NA33273,AS465547
NA33273,AS465548
NA33273,AS465549
NA33273,AS465550
NA33273,AS465551
NA33273,AS465552
NA33273,AS465553
NA33273,AS465554
NA33273,AS465555
NA33273,AS465556
NA33273,AS465557
NA33273,AS465558
NA33273,AS465559
NA33273,AS465560
NA33273,AS465561
NA33273,AS465562
NA33273,AS465563
NA33273,AS465564
NA33273,AS465565
NA33273,AS465566
NA33273,AS465567
NA33273,AS465568
NA33273,AS465569
NA33273,AS465518
NA33273,AS465519
NA33273,AS465520
NA33273,AS465521
NA33273,AS465522
NA33273,AS465523
NA33273,AS465524
NA33273,AS465525
NA33273,AS465526
NA33273,AS465527
NA33273,AS465528
NA33273,AS465529
NA33273,AS465530
NA33273,AS465531
NA33273,AS465532
NA33273,AS465533
NA33273,AS465534
NA33273,AS465535
NA33273,AS465536
NA33273,AS465537
NA33273,AS465538
NA33273,AS465539
NA33273,AS465540
NA33273,AS465541
NA33273,AS465542
NA33273,AS465543
NA33273,AS465544
NA33273,AS465545
NA33273,AS465546
NA33273,AS465547
NA33273,AS465548
NA33273,AS465549
NA33273,AS465550
NA33273,AS465551
NA33273,AS465552
NA33273,AS465553
NA33273,AS465554
NA33273,AS465555
NA33273,AS465556
NA33273,AS465557
NA33273,AS465558
NA33273,AS465559
NA33273,AS465560
NA33273,AS465561
NA33273,AS465562
NA33273,AS465563
NA33273,AS465564
NA33273,AS465565
NA33273,AS465566
NA33273,AS465567
NA33273,AS465568
NA33273,AS465569
NA33273,AS465518
NA33273,AS465519
NA33273,AS465520
NA33273,AS465521
NA33273,AS465522
NA33273,AS465523
NA33273,AS465524
NA33273,AS465525
NA33273,AS465526
NA33273,AS465527
NA33273,AS465528
NA33273,AS465529
NA33273,AS465530
NA33273,AS465531
NA33273,AS465532
NA33273,AS465533
NA33273,AS465534
NA33273,AS465535
NA33273,AS465536
NA33273,AS465537
NA33273,AS465538
NA33273,AS465539
NA33273,AS465540
NA33273,AS465541
NA33273,AS465542
NA33273,AS465543
NA33273,AS465544
NA33273,AS465545
NA33273,AS465546
NA33273,AS465547
NA33273,AS465548
NA33273,AS465549
NA33273,AS465550
NA33273,AS465551
NA33273,AS465552
NA33273,AS465553
NA33273,AS465554
NA33273,AS465555
NA33273,AS465556
NA33273,AS465557
NA33273,AS465558
NA33273,AS465559
NA33273,AS465560
NA33273,AS465561
NA33273,AS465562
NA33273,AS465563
NA33273,AS465564
NA33273,AS465565
NA33273,AS465566
NA33273,AS465567
NA33273,AS465568
NA33273,AS465569
,
NA34073,AS465570
,
NA361072,N/A
,
NA364093,N/A
,
NA414962,N/A
NA414962,N/A
,
NA414963,N/A
,
NA414996,N/A
NA414996,N/A
NA414996,N/A
NA414996,N/A
,
NA419471,N/A
NA419471,N/A
NA419471,N/A
NA419471,N/A
NA419471,N/A
,
NA500288,AS454128
,
NA500392,N/A
NA500392,N/A
,
NA500626,N/A
,
NA501033,AS465571
,
NA501061,AS465572
NA501061,AS465572
NA501061,AS465572
,
NA501867,AS465573
NA501867,AS465574
,
NA501891,N/A
NA501891,N/A
NA501891,N/A
NA501891,N/A
NA501891,N/A
,
NA502069,N/A
,
NA502515,N/A
,
NA502774,N/A
,
NA502796,AS470177
NA502796,AS470194
NA502796,AS465575
NA502796,AS470177
NA502796,AS470194
NA502796,AS465575
NA502796,AS470177
NA502796,AS470194
NA502796,AS465575
NA502796,AS470177
NA502796,AS470194
NA502796,AS465575
,
NA503050,N/A
,
NA503414,N/A
NA503414,N/A
NA503414,N/A
,
NA503418,N/A
NA503418,N/A
,
NA503421,N/A
NA503421,N/A
NA503421,N/A
,
NA503423,N/A
NA503423,N/A
,
NA503426,N/A
NA503426,N/A
NA503426,N/A
,
NA503427,N/A
NA503427,N/A
NA503427,N/A
NA503427,N/A
NA503427,N/A
,
NA503726,N/A
NA503726,N/A
NA503726,N/A
NA503726,N/A
NA503726,N/A
,
NA503984,AS465576
NA503984,AS465576
NA503984,AS465576
NA503984,AS465576
NA503984,AS465576
NA503984,AS465576
,
NA504391,N/A
NA504391,N/A
,
NA504394,N/A
NA504394,N/A
,
NA504508,AS465577
NA504508,AS465577
,
NA504542,N/A
NA504542,N/A
NA504542,N/A
,
NA504607,N/A
NA504607,N/A
,
NA504608,N/A
,
NA504797,AS465578
NA504797,AS465578
NA504797,AS465578
,
NA504906,N/A
NA504906,N/A
NA504906,N/A
NA504906,N/A
,
NA505584,AS465579
NA505584,AS465580
NA505584,AS465581
NA505584,AS465582
NA505584,AS465583
NA505584,AS465584
NA505584,AS465585
NA505584,AS465579
NA505584,AS465580
NA505584,AS465581
NA505584,AS465582
NA505584,AS465583
NA505584,AS465584
NA505584,AS465585
NA505584,AS465579
NA505584,AS465580
NA505584,AS465581
NA505584,AS465582
NA505584,AS465583
NA505584,AS465584
NA505584,AS465585
NA505584,AS465579
NA505584,AS465580
NA505584,AS465581
NA505584,AS465582
NA505584,AS465583
NA505584,AS465584
NA505584,AS465585
NA505584,AS465579
NA505584,AS465580
NA505584,AS465581
NA505584,AS465582
NA505584,AS465583
NA505584,AS465584
NA505584,AS465585
,
NA505789,N/A
,
NA507292,N/A
,
NA507533,AS465586
NA507533,AS465587
NA507533,AS465588
NA507533,AS465586
NA507533,AS465587
NA507533,AS465588
,
NA508202,N/A
,
NA508399,AS465589
,
NA509032,N/A
NA509032,N/A
NA509032,N/A
NA509032,N/A
NA509032,N/A
,
NA509035,N/A
NA509035,N/A
NA509035,N/A
,
NA509459,N/A
NA509459,N/A
,
NA509462,N/A
NA509462,N/A
,
NA509463,N/A
NA509463,N/A
,
NA510305,N/A
,
NA510314,AS465590
,
NA510318,N/A
,
NA510420,AS465591
NA510420,AS465592
NA510420,AS465591
NA510420,AS465592
,
NA510536,N/A
,
NA510643,AS465593
NA510643,AS465594
NA510643,AS465593
NA510643,AS465594
NA510643,AS465593
NA510643,AS465594
,
NA510718,AS465595
NA510718,AS465595
,
NA510925,AS465596
NA510925,AS465596
NA510925,AS465596
NA510925,AS465596
,
NA510980,N/A
,
NA510990,N/A
,
NA511104,AS465597
NA511104,AS465598
,
NA511105,AS465599
,
NA511285,N/A
,
NA511480,AS465600
NA511480,AS465601
NA511480,AS465602
NA511480,AS465603
NA511480,AS465604
,
NA511495,N/A
NA511495,N/A
,
NA511553,N/A
NA511553,N/A
,
NA511572,
NA511572,
NA511572,
,
NA511617,AS465606
NA511617,AS465607
NA511617,AS465608
NA511617,AS465609
NA511617,AS465606
NA511617,AS465607
NA511617,AS465608
NA511617,AS465609
NA511617,AS465606
NA511617,AS465607
NA511617,AS465608
NA511617,AS465609
NA511617,AS465606
NA511617,AS465607
NA511617,AS465608
NA511617,AS465609
NA511617,AS465606
NA511617,AS465607
NA511617,AS465608
NA511617,AS465609
NA511617,AS465606
NA511617,AS465607
NA511617,AS465608
NA511617,AS465609
NA511617,AS465606
NA511617,AS465607
NA511617,AS465608
NA511617,AS465609
,
NA511618,AS465610
NA511618,AS465611
NA511618,AS465612
NA511618,AS465613
NA511618,AS465610
NA511618,AS465611
NA511618,AS465612
NA511618,AS465613
NA511618,AS465610
NA511618,AS465611
NA511618,AS465612
NA511618,AS465613
NA511618,AS465610
NA511618,AS465611
NA511618,AS465612
NA511618,AS465613
,
NA512203,N/A
,
NA512555,AS465614
NA512555,AS465615
NA512555,AS465614
NA512555,AS465615
NA512555,AS465614
NA512555,AS465615
NA512555,AS465614
NA512555,AS465615
,
NA512772,AS465616
NA512772,AS465616
,
NA512972,N/A
NA512972,N/A
NA512972,N/A
,
NA513179,N/A
,
NA513315,AS465617
NA513315,AS465617
,
NA513456,N/A
NA513456,N/A
,
NA513669,AS465618
NA513669,AS465618
,
NA513675,N/A
NA513675,N/A
,
NA513702,N/A
,
NA513741,AS465619
NA513741,AS465619
NA513741,AS465619
,
NA513802,N/A
,
NA513845,N/A
NA513845,N/A
,
NA513857,N/A
NA513857,N/A
,
NA514091,AS465620
NA514091,AS465621
NA514091,AS465622
NA514091,AS465623
NA514091,AS465620
NA514091,AS465621
NA514091,AS465622
NA514091,AS465623
NA514091,AS465620
NA514091,AS465621
NA514091,AS465622
NA514091,AS465623
,
NA514098,AS465624
NA514098,AS465625
NA514098,AS465624
NA514098,AS465625
,
NA514144,AS465626
NA514144,AS465626
NA514144,AS465626
NA514144,AS465626
,
NA514220,AS465627
NA514220,AS465627
NA514220,AS465627
NA514220,AS465627
,
NA514328,N/A
NA514328,N/A
NA514328,N/A
NA514328,N/A
NA514328,N/A
NA514328,N/A
,
NA514329,N/A
NA514329,N/A
NA514329,N/A
NA514329,N/A
NA514329,N/A
NA514329,N/A
,
NA514357,N/A
NA514357,N/A
NA514357,N/A
NA514357,N/A
,
NA514462,N/A
NA514462,N/A
NA514462,N/A
,
NA514489,N/A
,
NA514492,N/A
NA514492,N/A
,
NA514505,N/A
NA514505,N/A
NA514505,N/A
NA514505,N/A
,
NA514508,AS465628
NA514508,AS465629
NA514508,AS465630
NA514508,AS465631
NA514508,AS465628
NA514508,AS465629
NA514508,AS465630
NA514508,AS465631
,
NA514521,N/A
NA514521,N/A
,
NA514560,N/A
NA514560,N/A
,
NA514562,N/A
NA514562,N/A
NA514562,N/A
,
NA514671,N/A
NA514671,N/A
NA514671,N/A
NA514671,N/A
,
NA514682,N/A
NA514682,N/A
NA514682,N/A
NA514682,N/A
,
NA514953,N/A
NA514953,N/A
,
NA514954,N/A
NA514954,N/A
,
NA514978,N/A
NA514978,N/A
NA514978,N/A
NA514978,N/A
,
NA514979,N/A
NA514979,N/A
NA514979,N/A
NA514979,N/A
,
NA514982,N/A
NA514982,N/A
NA514982,N/A
,
NA514983,N/A
NA514983,N/A
NA514983,N/A
,
NA515041,N/A
NA515041,N/A
,
NA515050,AS465632
NA515050,AS465632
NA515050,AS465632
NA515050,AS465632
,
NA515053,N/A
,
NA515347,N/A
NA515347,N/A
NA515347,N/A
NA515347,N/A
NA515347,N/A
NA515347,N/A
NA515347,N/A
,
NA515409,N/A
NA515409,N/A
,
NA515643,AS465633
NA515643,AS465633
NA515643,AS465633
NA515643,AS465633
NA515643,AS465633
,
NA515676,AS465634
NA515676,AS465635
NA515676,AS465636
NA515676,AS465637
NA515676,AS465638
NA515676,AS465639
NA515676,AS465640
NA515676,AS465641
NA515676,AS465642
NA515676,AS465643
NA515676,AS465644
NA515676,AS465645
NA515676,AS465634
NA515676,AS465635
NA515676,AS465636
NA515676,AS465637
NA515676,AS465638
NA515676,AS465639
NA515676,AS465640
NA515676,AS465641
NA515676,AS465642
NA515676,AS465643
NA515676,AS465644
NA515676,AS465645
,
NA515927,AS465646
NA515927,AS465647
NA515927,AS465648
NA515927,AS465649
NA515927,AS465650
NA515927,AS465651
NA515927,AS465652
NA515927,AS465653
NA515927,AS465654
NA515927,AS465655
NA515927,AS465656
NA515927,AS465657
NA515927,AS465658
NA515927,AS465659
NA515927,AS465660
NA515927,AS465661
NA515927,AS465662
NA515927,AS465663
NA515927,AS465646
NA515927,AS465647
NA515927,AS465648
NA515927,AS465649
NA515927,AS465650
NA515927,AS465651
NA515927,AS465652
NA515927,AS465653
NA515927,AS465654
NA515927,AS465655
NA515927,AS465656
NA515927,AS465657
NA515927,AS465658
NA515927,AS465659
NA515927,AS465660
NA515927,AS465661
NA515927,AS465662
NA515927,AS465663
,
NA515933,AS465664
NA515933,AS465665
NA515933,AS465664
NA515933,AS465665
NA515933,AS465664
NA515933,AS465665
,
NA515948,AS465666
NA515948,AS465667
NA515948,AS465668
NA515948,AS465669
NA515948,AS465670
NA515948,AS465671
NA515948,AS465672
NA515948,AS465673
,
NA515965,AS465674
NA515965,AS465675
NA515965,AS465676
NA515965,AS465677
NA515965,AS465678
NA515965,AS465679
NA515965,AS465680
NA515965,AS465681
NA515965,AS465682
NA515965,AS465683
NA515965,AS465684
NA515965,AS465685
NA515965,AS465686
NA515965,AS465687
,
NA516000,AS465688
NA516000,AS465689
,
NA516073,AS465690
NA516073,AS465690
NA516073,AS465690
,
NA516079,AS465691
,
NA516304,N/A
NA516304,N/A
NA516304,N/A
NA516304,N/A
NA516304,N/A
NA516304,N/A
NA516304,N/A
NA516304,N/A
NA516304,N/A
NA516304,N/A
NA516304,N/A
NA516304,N/A
,
NA516369,AS465692
NA516369,AS465693
NA516369,AS465692
NA516369,AS465693
NA516369,AS465692
NA516369,AS465693
NA516369,AS465692
NA516369,AS465693
NA516369,AS465692
NA516369,AS465693
,
NA516392,AS465694
NA516392,AS465695
,
NA516572,N/A
NA516572,N/A
,
NA516667,N/A
NA516667,N/A
NA516667,N/A
,
NA517069,N/A
NA517069,N/A
,
NA517126,N/A
NA517126,N/A
,
NA517143,N/A
NA517143,N/A
,
NA517290,N/A
NA517290,N/A
NA517290,N/A
NA517290,N/A
,
NA517548,N/A
NA517548,N/A
,
NA518032,N/A
NA518032,N/A
,
NA518257,N/A
,
NA518306,N/A
,
NA518374,N/A
NA518374,N/A
,
NA518477,N/A
,
NA518497,N/A
NA518497,N/A
,
NA518535,N/A
NA518535,N/A
NA518535,N/A
,
NA518862,AS465696
,
NA518870,AS465697
NA518870,AS465697
,
NA518950,AS465698
NA518950,AS465698
NA518950,AS465698
NA518950,AS465698
,
NA518966,AS465699
,
NA518972,AS465700
,
NA519105,AS465701
,
NA519220,AS465702
NA519220,AS465703
NA519220,AS465702
NA519220,AS465703
,
NA519221,AS465704
NA519221,AS465704
,
NA519453,N/A
,
NA519454,N/A
NA519454,N/A
,
NA519543,N/A
,
NA519696,N/A
NA519696,N/A
NA519696,N/A
NA519696,N/A
,
NA519745,N/A
,
NA519769,N/A
NA519769,N/A
,
NA519815,N/A
NA519815,N/A
,
NA519824,N/A
NA519824,N/A
,
NA519825,N/A
NA519825,N/A
,
NA520012,N/A
,
NA520013,N/A
,
NA520056,N/A
,
NA520696,N/A
NA520696,N/A
,
NA520863,N/A
NA520863,N/A
NA520863,N/A
NA520863,N/A
,
NA520881,N/A
NA520881,N/A
,
NA521267,N/A
NA521267,N/A
,
NA521504,N/A
NA521504,N/A
NA521504,N/A
NA521504,N/A
NA521504,N/A
NA521504,N/A
NA521504,N/A
NA521504,N/A
NA521504,N/A
NA521504,N/A
,
NA521534,N/A
NA521534,N/A
,
NA521760,N/A
,
NA521790,N/A
NA521790,N/A
NA521790,N/A
NA521790,N/A
NA521790,N/A
NA521790,N/A
,
NA521848,N/A
NA521848,N/A
,
NA521859,N/A
NA521859,N/A
,
NA521874,N/A
NA521874,N/A
NA521874,N/A
,
NA521883,N/A
,
NA521884,N/A
,
NA522176,N/A
NA522176,N/A
NA522176,N/A
,
NA522203,N/A
NA522203,N/A
NA522203,N/A
NA522203,N/A
,
NA522205,N/A
NA522205,N/A
,
NA522219,N/A
,
NA522270,N/A
NA522270,N/A
NA522270,N/A
,
NA522271,N/A
,
NA522316,N/A
NA522316,N/A
,
NA522345,N/A
,
NA522363,N/A
NA522363,N/A
NA522363,N/A
NA522363,N/A
NA522363,N/A
NA522363,N/A
NA522363,N/A
NA522363,N/A
NA522363,N/A
NA522363,N/A
NA522363,N/A
NA522363,N/A
NA522363,N/A
,
NA522936,N/A
,
NA522991,AS465705
NA522991,AS465705
,
NA522993,AS465706
,
NA523020,AS465707
NA523020,AS465707
NA523020,AS465707
NA523020,AS465707
,
NA523556,AS465708
,
NA523921,N/A
,
NA524903,N/A
,
NA524910,AS465709
NA524910,AS465710
NA524910,AS465711
NA524910,AS465712
NA524910,AS465709
NA524910,AS465710
NA524910,AS465711
NA524910,AS465712
NA524910,AS465709
NA524910,AS465710
NA524910,AS465711
NA524910,AS465712
,
NA525392,AS465713
NA525392,AS465713
NA525392,AS465713
,
NA525455,AS465714
NA525455,AS465714
NA525455,AS465714
,
NA525767,N/A
NA525767,N/A
,
NA525804,N/A
NA525804,N/A
,
NA525868,N/A
NA525868,N/A
NA525868,N/A
NA525868,N/A
NA525868,N/A
NA525868,N/A
,
NA525945,N/A
NA525945,N/A
NA525945,N/A
NA525945,N/A
,
NA525990,N/A
NA525990,N/A
NA525990,N/A
NA525990,N/A
,
NA525999,N/A
NA525999,N/A
,
NA526017,AS465715
NA526017,AS465715
NA526017,AS465715
NA526017,AS465715
,
NA526019,N/A
NA526019,N/A
NA526019,N/A
,
NA526116,N/A
NA526116,N/A
,
NA526124,N/A
NA526124,N/A
,
NA526125,N/A
NA526125,N/A
NA526125,N/A
,
NA526138,N/A
NA526138,N/A
NA526138,N/A
,
NA526167,N/A
NA526167,N/A
,
NA526408,N/A
,
NA527053,AS465716
NA527053,AS465716
NA527053,AS465716
NA527053,AS465716
NA527053,AS465716
,
NA527139,N/A
NA527139,N/A
NA527139,N/A
NA527139,N/A
NA527139,N/A
NA527139,N/A
NA527139,N/A
NA527139,N/A
NA527139,N/A
NA527139,N/A
,
NA527142,N/A
NA527142,N/A
,
NA527152,N/A
NA527152,N/A
NA527152,N/A
,
NA527552,N/A
NA527552,N/A
,
NA527660,AS465717
NA527660,AS465718
NA527660,AS465719
NA527660,AS465720
NA527660,AS465717
NA527660,AS465718
NA527660,AS465719
NA527660,AS465720
NA527660,AS465717
NA527660,AS465718
NA527660,AS465719
NA527660,AS465720
NA527660,AS465717
NA527660,AS465718
NA527660,AS465719
NA527660,AS465720
,
NA527802,AS465721
NA527802,AS465722
NA527802,AS465723
NA527802,AS465724
NA527802,AS465725
NA527802,AS465721
NA527802,AS465722
NA527802,AS465723
NA527802,AS465724
NA527802,AS465725
,
NA527826,N/A
,
NA527831,N/A
,
NA527936,N/A
,
NA528310,N/A
NA528310,N/A
,
NA528427,AS465726
NA528427,AS465727
NA528427,AS465728
NA528427,AS465729
,
NA528463,N/A
NA528463,N/A
NA528463,N/A
NA528463,N/A
,
NA528549,AS465730
NA528549,AS465730
,
NA528670,N/A
NA528670,N/A
NA528670,N/A
NA528670,N/A
NA528670,N/A
,
NA528680,AS465731
NA528680,AS465731
,
NA528696,N/A
,
NA528830,AS465732
NA528830,AS465733
NA528830,AS465734
NA528830,AS465735
NA528830,AS465736
NA528830,AS465737
NA528830,AS465738
NA528830,AS465739
NA528830,AS465740
,
NA528849,N/A
,
NA528863,N/A
,
NA529201,N/A
NA529201,N/A
NA529201,N/A
,
NA529337,N/A
NA529337,N/A
,
NA529681,N/A
NA529681,N/A
,
NA530956,AS465741
NA530956,AS465742
NA530956,AS465743
NA530956,AS465744
NA530956,AS465745
NA530956,AS465746
NA530956,AS465747
NA530956,AS465748
NA530956,AS465749
NA530956,AS465750
NA530956,AS465751
NA530956,AS465752
NA530956,AS465753
NA530956,AS465754
NA530956,AS465755
NA530956,AS465756
NA530956,AS465757
NA530956,AS465758
NA530956,AS465759
NA530956,AS465760
NA530956,AS465761
NA530956,AS465762
NA530956,AS465763
NA530956,AS465764
NA530956,AS465765
NA530956,AS465766
NA530956,AS465767
NA530956,AS465768
NA530956,AS465769
NA530956,AS465770
NA530956,AS465771
NA530956,AS465772
NA530956,AS465741
NA530956,AS465742
NA530956,AS465743
NA530956,AS465744
NA530956,AS465745
NA530956,AS465746
NA530956,AS465747
NA530956,AS465748
NA530956,AS465749
NA530956,AS465750
NA530956,AS465751
NA530956,AS465752
NA530956,AS465753
NA530956,AS465754
NA530956,AS465755
NA530956,AS465756
NA530956,AS465757
NA530956,AS465758
NA530956,AS465759
NA530956,AS465760
NA530956,AS465761
NA530956,AS465762
NA530956,AS465763
NA530956,AS465764
NA530956,AS465765
NA530956,AS465766
NA530956,AS465767
NA530956,AS465768
NA530956,AS465769
NA530956,AS465770
NA530956,AS465771
NA530956,AS465772
,
NA531155,AS465773
NA531155,AS465773
,
NA531448,AS465774
NA531448,AS465775
NA531448,AS465776
,
NA531681,AS448872
NA531681,AS478892
NA531681,AS478891
NA531681,AS478890
NA531681,AS478889
NA531681,AS478888
NA531681,AS478887
NA531681,AS478886
NA531681,AS478885
NA531681,AS478884
NA531681,AS478883
NA531681,AS478882
NA531681,AS478881
NA531681,AS478880
NA531681,AS478879
NA531681,AS478878
NA531681,AS478877
NA531681,AS478876
NA531681,AS478875
NA531681,AS478874
NA531681,AS478873
NA531681,AS478872
NA531681,AS478871
NA531681,AS448872
NA531681,AS478892
NA531681,AS478891
NA531681,AS478890
NA531681,AS478889
NA531681,AS478888
NA531681,AS478887
NA531681,AS478886
NA531681,AS478885
NA531681,AS478884
NA531681,AS478883
NA531681,AS478882
NA531681,AS478881
NA531681,AS478880
NA531681,AS478879
NA531681,AS478878
NA531681,AS478877
NA531681,AS478876
NA531681,AS478875
NA531681,AS478874
NA531681,AS478873
NA531681,AS478872
NA531681,AS478871
NA531681,AS448872
NA531681,AS478892
NA531681,AS478891
NA531681,AS478890
NA531681,AS478889
NA531681,AS478888
NA531681,AS478887
NA531681,AS478886
NA531681,AS478885
NA531681,AS478884
NA531681,AS478883
NA531681,AS478882
NA531681,AS478881
NA531681,AS478880
NA531681,AS478879
NA531681,AS478878
NA531681,AS478877
NA531681,AS478876
NA531681,AS478875
NA531681,AS478874
NA531681,AS478873
NA531681,AS478872
NA531681,AS478871
NA531681,AS448872
NA531681,AS478892
NA531681,AS478891
NA531681,AS478890
NA531681,AS478889
NA531681,AS478888
NA531681,AS478887
NA531681,AS478886
NA531681,AS478885
NA531681,AS478884
NA531681,AS478883
NA531681,AS478882
NA531681,AS478881
NA531681,AS478880
NA531681,AS478879
NA531681,AS478878
NA531681,AS478877
NA531681,AS478876
NA531681,AS478875
NA531681,AS478874
NA531681,AS478873
NA531681,AS478872
NA531681,AS478871
,
NA531729,AS465777
NA531729,AS465777
,
NA532120,N/A
,
NA532122,N/A
,
NA532124,N/A
,
NA532125,N/A
,
NA532128,AS465778
NA532128,AS465778
NA532128,AS465778
NA532128,AS465778
,
NA532134,AS465779
,
NA532135,N/A
NA532135,N/A
,
NA532139,N/A
,
NA532143,N/A
NA532143,N/A
,
NA532144,N/A
,
NA532147,N/A
,
NA532151,N/A
,
NA532152,N/A
,
NA532153,N/A
,
NA532156,N/A
,
NA532158,N/A
,
NA532160,N/A
NA532160,N/A
NA532160,N/A
,
NA532161,N/A
,
NA532162,N/A
,
NA532163,N/A
,
NA532164,N/A
,
NA532167,N/A
,
NA532168,N/A
,
NA532170,N/A
,
NA532172,N/A
,
NA532173,N/A
,
NA532175,N/A
,
NA532177,N/A
,
NA532178,N/A
NA532178,N/A
,
NA532179,N/A
,
NA532181,N/A
,
NA532188,N/A
NA532188,N/A
,
NA532193,N/A
,
NA532194,N/A
,
NA532196,N/A
,
NA532197,N/A
,
NA532198,N/A
,
NA532201,N/A
,
NA532204,N/A
,
NA532205,N/A
,
NA532207,N/A
,
NA532208,N/A
,
NA532209,N/A
,
NA532210,N/A
,
NA532211,N/A
,
NA532216,N/A
,
NA532217,N/A
,
NA532218,N/A
,
NA532219,N/A
,
NA532223,N/A
,
NA532225,N/A
NA532225,N/A
,
NA532226,N/A
,
NA532227,N/A
,
NA532229,N/A
NA532229,N/A
,
NA532236,N/A
,
NA532238,N/A
,
NA532240,N/A
,
NA532243,N/A
NA532243,N/A
,
NA532244,N/A
NA532244,N/A
,
NA532245,N/A
NA532245,N/A
NA532245,N/A
,
NA532247,N/A
NA532247,N/A
,
NA532249,N/A
NA532249,N/A
,
NA532252,N/A
,
NA532253,N/A
,
NA532254,N/A
,
NA532255,AS465780
NA532255,AS465781
NA532255,AS465782
NA532255,AS465780
NA532255,AS465781
NA532255,AS465782
,
NA532256,N/A
,
NA532257,N/A
,
NA532267,AS465783
,
NA532269,N/A
,
NA532273,N/A
,
NA532275,N/A
,
NA532276,N/A
,
NA532278,N/A
,
NA532279,N/A
,
NA532280,N/A
,
NA532281,N/A
,
NA532282,N/A
,
NA532283,N/A
,
NA532284,N/A
,
NA532286,N/A
,
NA532287,N/A
,
NA532288,N/A
,
NA532291,N/A
,
NA532293,N/A
,
NA532295,N/A
,
NA532298,AS465784
,
NA532621,N/A
NA532621,N/A
,
NA534931,N/A
,
NA535760,N/A
,
NA535785,N/A
NA535785,N/A
,
NA535849,N/A
,
NA535949,N/A
,
NA536504,N/A
NA536504,N/A
,
NA536564,N/A
,
NA536565,N/A
,
NA536567,N/A
,
NA536568,N/A
,
NA536571,N/A
,
NA536572,N/A
,
NA536573,N/A
,
NA536574,N/A
,
NA536576,N/A
,
NA536577,N/A
,
NA536578,N/A
,
NA536579,N/A
,
NA536580,N/A
,
NA536581,N/A
,
NA536582,N/A
,
NA536583,N/A
,
NA536584,N/A
,
NA536585,N/A
,
NA536587,N/A
,
NA536588,N/A
,
NA536589,N/A
,
NA536590,N/A
,
NA536591,N/A
,
NA536592,N/A
,
NA536593,N/A
,
NA536594,N/A
,
NA536595,N/A
,
NA536596,N/A
,
NA536597,N/A
,
NA536598,N/A
,
NA536599,N/A
,
NA536600,N/A
,
NA536601,N/A
,
NA536602,N/A
,
NA536603,N/A
,
NA536605,N/A
,
NA536606,N/A
,
NA536607,N/A
,
NA536608,N/A
,
NA536610,N/A
,
NA536611,N/A
,
NA536612,N/A
,
NA536613,N/A
,
NA536614,N/A
,
NA536615,N/A
,
NA536616,N/A
NA536616,N/A
,
NA536617,N/A
,
NA536618,N/A
,
NA536619,N/A
,
NA536620,N/A
,
NA536621,N/A
,
NA536622,N/A
,
NA536623,N/A
,
NA536624,N/A
,
NA536625,N/A
,
NA536626,N/A
,
NA536627,N/A
,
NA536628,N/A
,
NA536629,N/A
,
NA536630,N/A
,
NA536631,N/A
,
NA536634,N/A
,
NA536635,N/A
,
NA536636,
,
NA536637,N/A
,
NA536639,N/A
,
NA536640,N/A
,
NA536641,N/A
,
NA536642,N/A
,
NA536643,N/A
,
NA536644,N/A
,
NA536645,N/A
,
NA536646,N/A
,
NA536647,N/A
,
NA536648,N/A
,
NA536649,N/A
,
NA536650,N/A
,
NA536651,N/A
,
NA536652,N/A
,
NA536653,N/A
,
NA536654,N/A
,
NA536655,N/A
,
NA536657,N/A
NA536657,N/A
,
NA536658,N/A
,
NA536659,N/A
,
NA536662,N/A
,
NA536663,N/A
,
NA536664,N/A
NA536664,N/A
,
NA536666,N/A
,
NA536667,N/A
,
NA536668,N/A
,
NA536669,N/A
NA536669,N/A
,
NA536671,N/A
,
NA536672,N/A
,
NA536673,N/A
,
NA536674,N/A
,
NA536676,N/A
,
NA536677,N/A
,
NA536678,N/A
,
NA536679,N/A
,
NA536680,N/A
,
NA536681,N/A
,
NA536682,N/A
,
NA536683,N/A
,
NA536684,N/A
,
NA536685,N/A
,
NA536686,N/A
,
NA536687,N/A
,
NA536688,N/A
,
NA536689,N/A
,
NA536692,N/A
,
NA536693,N/A
,
NA536694,N/A
,
NA536695,N/A
,
NA536696,N/A
,
NA536697,N/A
,
NA536698,N/A
,
NA536699,N/A
,
NA536700,N/A
,
NA536701,N/A
,
NA536702,N/A
,
NA536703,N/A
,
NA536704,N/A
,
NA536705,N/A
,
NA536706,N/A
,
NA536707,N/A
,
NA536708,N/A
,
NA536709,N/A
,
NA536710,N/A
,
NA536711,N/A
,
NA536712,N/A
,
NA536713,N/A
,
NA536714,N/A
,
NA536715,N/A
,
NA536716,N/A
,
NA536717,N/A
,
NA536718,N/A
,
NA536719,N/A
,
NA536720,N/A
,
NA536721,N/A
,
NA536722,N/A
,
NA536723,N/A
,
NA536724,N/A
,
NA536725,N/A
,
NA536726,N/A
,
NA536727,N/A
,
NA536728,N/A
,
NA536729,N/A
,
NA536731,N/A
,
NA536732,N/A
,
NA536733,N/A
,
NA536734,N/A
,
NA536735,N/A
,
NA536736,N/A
,
NA536737,N/A
,
NA536739,N/A
,
NA536740,N/A
,
NA536741,N/A
,
NA536742,N/A
,
NA536743,N/A
,
NA536744,N/A
,
NA536745,N/A
,
NA536746,N/A
,
NA536747,N/A
,
NA536749,N/A
,
NA536751,N/A
,
NA536753,N/A
,
NA536754,N/A
,
NA536755,N/A
,
NA536756,N/A
,
NA536757,N/A
,
NA536758,N/A
,
NA536759,N/A
,
NA536760,N/A
,
NA536761,N/A
,
NA536762,N/A
,
NA536763,N/A
,
NA536764,N/A
,
NA536765,N/A
,
NA536768,N/A
,
NA536769,N/A
,
NA536770,N/A
,
NA536771,N/A
,
NA536772,N/A
,
NA536773,N/A
,
NA536776,N/A
,
NA536777,N/A
,
NA536778,N/A
,
NA536779,N/A
,
NA536780,N/A
,
NA536781,N/A
,
NA536782,N/A
,
NA536783,N/A
,
NA536784,N/A
,
NA536786,N/A
,
NA536787,N/A
,
NA536792,N/A
,
NA536794,N/A
,
NA536795,N/A
,
NA536796,N/A
,
NA536797,N/A
,
NA536798,N/A
,
NA536799,N/A
,
NA536800,N/A
,
NA536801,N/A
,
NA536802,N/A
,
NA536803,N/A
,
NA536804,N/A
,
NA536805,N/A
,
NA536806,N/A
,
NA536807,N/A
,
NA536808,N/A
,
NA536809,N/A
,
NA536810,N/A
,
NA536811,N/A
,
NA536812,N/A
,
NA536813,N/A
,
NA536815,N/A
,
NA536816,N/A
,
NA536817,N/A
,
NA536819,N/A
,
NA536820,N/A
,
NA536821,N/A
NA536821,N/A
,
NA536822,N/A
NA536822,N/A
,
NA536823,N/A
,
NA536824,N/A
,
NA536825,N/A
,
NA536826,N/A
,
NA536827,N/A
,
NA536828,N/A
,
NA536829,N/A
,
NA536830,N/A
,
NA536831,N/A
,
NA536832,N/A
,
NA536833,N/A
,
NA536834,N/A
,
NA536835,N/A
NA536835,N/A
,
NA536836,N/A
,
NA536837,N/A
,
NA536838,N/A
,
NA536839,N/A
,
NA536840,N/A
,
NA536841,N/A
,
NA536843,N/A
,
NA536844,N/A
,
NA536848,N/A
,
NA536852,N/A
,
NA536853,N/A
,
NA536854,N/A
,
NA536855,N/A
,
NA536859,N/A
,
NA536860,N/A
,
NA536861,
,
NA536862,N/A
,
NA536863,N/A
,
NA536864,N/A
,
NA536865,N/A
,
NA536866,N/A
,
NA536867,N/A
,
NA536868,N/A
,
NA536869,N/A
,
NA536870,N/A
,
NA536871,N/A
,
NA536872,N/A
,
NA536873,N/A
,
NA536874,N/A
,
NA536875,N/A
,
NA536876,N/A
,
NA536877,N/A
,
NA536878,N/A
,
NA536879,N/A
,
NA536880,N/A
,
NA536881,N/A
,
NA536882,N/A
,
NA536884,N/A
,
NA536885,N/A
,
NA536886,N/A
,
NA536888,N/A
,
NA536889,N/A
,
NA536890,N/A
,
NA536891,N/A
,
NA536892,N/A
,
NA536893,N/A
,
NA536894,N/A
,
NA536899,N/A
,
NA536900,N/A
,
NA536901,N/A
,
NA536902,N/A
,
NA536903,N/A
,
NA536904,N/A
,
NA536905,N/A
,
NA536906,N/A
,
NA536908,N/A
,
NA536909,N/A
,
NA536910,N/A
,
NA536911,N/A
,
NA536912,N/A
,
NA536913,N/A
,
NA536914,N/A
,
NA536916,N/A
,
NA536917,N/A
,
NA536918,N/A
,
NA536919,N/A
,
NA536920,N/A
,
NA536921,N/A
,
NA536922,N/A
,
NA536924,N/A
,
NA536925,N/A
,
NA536926,N/A
,
NA536927,N/A
,
NA536928,N/A
,
NA536929,N/A
,
NA536930,N/A
,
NA536931,N/A
,
NA536932,N/A
,
NA536933,N/A
,
NA536934,N/A
,
NA536935,N/A
,
NA536936,N/A
,
NA536937,N/A
,
NA536938,N/A
,
NA536940,N/A
,
NA536942,N/A
,
NA536944,N/A
,
NA536945,N/A
,
NA536946,N/A
,
NA536947,N/A
,
NA536948,N/A
,
NA536949,N/A
,
NA536950,N/A
,
NA536951,N/A
,
NA536952,N/A
,
NA536953,N/A
,
NA536954,N/A
,
NA536955,N/A
,
NA536956,N/A
,
NA536957,N/A
,
NA536958,N/A
,
NA536960,N/A
,
NA536961,N/A
,
NA536962,N/A
,
NA536963,N/A
,
NA536964,N/A
,
NA536965,N/A
,
NA536966,N/A
,
NA536967,N/A
,
NA536968,N/A
,
NA536969,N/A
,
NA536970,N/A
,
NA536971,N/A
,
NA536972,N/A
,
NA536973,N/A
,
NA536974,N/A
,
NA536975,N/A
,
NA536976,N/A
,
NA536977,N/A
,
NA536978,N/A
,
NA536979,N/A
,
NA536980,N/A
,
NA536981,N/A
,
NA536982,N/A
,
NA536983,N/A
,
NA536984,N/A
,
NA536986,N/A
,
NA536987,N/A
,
NA536989,N/A
,
NA536990,N/A
,
NA536991,N/A
,
NA536992,N/A
,
NA536993,N/A
,
NA536994,N/A
,
NA536995,N/A
,
NA536996,N/A
,
NA536998,N/A
,
NA536999,N/A
,
NA537000,N/A
,
NA537001,N/A
,
NA537002,N/A
,
NA537003,N/A
,
NA537009,N/A
,
NA537010,N/A
,
NA537011,N/A
,
NA537012,N/A
,
NA537013,N/A
,
NA537014,N/A
,
NA537015,N/A
,
NA537016,N/A
,
NA537017,N/A
,
NA537018,N/A
,
NA537019,N/A
,
NA537020,N/A
,
NA537021,N/A
,
NA537022,N/A
,
NA537023,N/A
,
NA537025,N/A
,
NA537026,N/A
,
NA537027,N/A
,
NA537029,N/A
,
NA537030,N/A
,
NA537031,N/A
,
NA537032,N/A
,
NA537033,N/A
,
NA537034,N/A
,
NA537036,N/A
,
NA537037,N/A
,
NA537038,N/A
,
NA537039,N/A
,
NA537040,N/A
,
NA537041,N/A
,
NA537042,N/A
,
NA537043,N/A
,
NA537045,N/A
,
NA537046,N/A
,
NA537047,N/A
,
NA537048,N/A
,
NA537050,N/A
,
NA537052,N/A
,
NA537053,N/A
,
NA537054,N/A
,
NA537055,N/A
,
NA537056,N/A
,
NA537057,N/A
,
NA537059,N/A
,
NA537060,N/A
,
NA537064,N/A
,
NA537065,N/A
,
NA537066,N/A
,
NA537067,N/A
,
NA537068,N/A
,
NA537070,N/A
,
NA537071,N/A
,
NA537072,N/A
,
NA537075,N/A
,
NA537076,N/A
,
NA537080,N/A
,
NA537081,N/A
,
NA537082,N/A
,
NA537083,N/A
,
NA537084,N/A
,
NA537085,N/A
,
NA537086,N/A
,
NA537087,N/A
,
NA537088,N/A
,
NA537089,N/A
,
NA537090,N/A
,
NA537091,N/A
,
NA537092,N/A
,
NA537093,N/A
,
NA537094,N/A
,
NA537095,N/A
,
NA537096,N/A
,
NA537097,N/A
,
NA537098,N/A
,
NA537099,N/A
,
NA537100,N/A
,
NA537101,N/A
,
NA537102,N/A
,
NA537103,N/A
,
NA537104,N/A
,
NA537105,N/A
,
NA537106,N/A
,
NA537107,N/A
,
NA537108,N/A
,
NA537109,N/A
,
NA537110,N/A
,
NA537111,N/A
,
NA537112,N/A
,
NA537113,N/A
,
NA537114,N/A
NA537114,N/A
,
NA537115,N/A
,
NA537116,N/A
,
NA537117,N/A
,
NA537118,N/A
,
NA537119,N/A
,
NA537120,N/A
,
NA537121,N/A
,
NA537122,N/A
,
NA537123,N/A
,
NA537125,N/A
,
NA537126,N/A
,
NA537127,N/A
,
NA537128,N/A
,
NA537129,N/A
,
NA537130,N/A
,
NA537131,N/A
,
NA537132,N/A
,
NA537133,N/A
,
NA537134,N/A
,
NA537135,N/A
,
NA537136,N/A
,
NA537137,N/A
,
NA537139,N/A
,
NA537140,N/A
,
NA537144,N/A
,
NA537146,N/A
,
NA537147,N/A
,
NA537148,N/A
,
NA537149,N/A
,
NA537150,N/A
,
NA537151,N/A
,
NA537152,N/A
,
NA537153,
,
NA537154,N/A
,
NA537155,N/A
,
NA537156,N/A
,
NA537157,N/A
,
NA537158,N/A
,
NA537160,N/A
,
NA537161,N/A
,
NA537162,N/A
,
NA537163,N/A
,
NA537164,N/A
,
NA537165,N/A
,
NA537166,N/A
,
NA537167,N/A
NA537167,N/A
NA537167,N/A
,
NA537168,N/A
,
NA537169,N/A
,
NA537170,N/A
,
NA537172,N/A
,
NA537173,N/A
,
NA537174,N/A
,
NA537175,N/A
,
NA537176,N/A
,
NA537177,N/A
,
NA537178,N/A
,
NA537179,N/A
,
NA537180,N/A
,
NA537181,N/A
NA537181,N/A
,
NA537182,N/A
,
NA537183,N/A
NA537183,N/A
,
NA537184,N/A
,
NA537185,N/A
,
NA537186,N/A
,
NA537187,N/A
,
NA537188,N/A
,
NA537189,N/A
,
NA537190,N/A
,
NA537191,N/A
,
NA537192,N/A
,
NA537193,N/A
,
NA537194,N/A
NA537194,N/A
,
NA537195,N/A
,
NA537196,N/A
NA537196,N/A
,
NA537197,N/A
,
NA537198,N/A
,
NA537199,N/A
,
NA537200,N/A
,
NA537201,N/A
,
NA537202,N/A
NA537202,N/A
,
NA537203,N/A
NA537203,N/A
,
NA537204,N/A
,
NA537205,N/A
,
NA537206,N/A
NA537206,N/A
,
NA537207,N/A
,
NA537208,N/A
NA537208,N/A
,
NA537209,N/A
,
NA537210,N/A
,
NA537211,N/A
,
NA537212,N/A
NA537212,N/A
,
NA537213,N/A
,
NA537214,N/A
,
NA537215,N/A
NA537215,N/A
,
NA537216,N/A
,
NA537217,N/A
NA537217,N/A
,
NA537218,N/A
,
NA537219,N/A
,
NA537220,N/A
,
NA537221,N/A
,
NA537222,N/A
,
NA537223,N/A
,
NA537224,N/A
NA537224,N/A
,
NA537225,N/A
NA537225,N/A
,
NA537226,N/A
,
NA537227,N/A
NA537227,N/A
,
NA537228,N/A
,
NA537229,N/A
,
NA537230,N/A
,
NA537231,N/A
,
NA537232,N/A
,
NA537233,N/A
,
NA537234,N/A
,
NA537235,N/A
,
NA537236,N/A
,
NA537237,N/A
,
NA537238,N/A
,
NA537239,N/A
,
NA537241,N/A
,
NA537242,N/A
NA537242,N/A
,
NA537243,N/A
NA537243,N/A
,
NA537244,N/A
,
NA537245,N/A
NA537245,N/A
,
NA537246,N/A
NA537246,N/A
,
NA537247,N/A
,
NA537248,N/A
,
NA537249,N/A
,
NA537250,N/A
,
NA537252,N/A
,
NA537253,N/A
,
NA537254,N/A
,
NA537255,N/A
,
NA537257,N/A
,
NA537258,N/A
,
NA537259,N/A
,
NA537260,N/A
,
NA537261,N/A
,
NA537263,N/A
,
NA537264,N/A
,
NA537267,N/A
,
NA537268,N/A
,
NA537269,N/A
,
NA537270,N/A
,
NA537271,N/A
,
NA537273,N/A
,
NA537274,N/A
,
NA537275,N/A
,
NA537276,N/A
,
NA537277,N/A
,
NA537278,N/A
,
NA537279,N/A
,
NA537284,N/A
,
NA537286,N/A
,
NA537287,N/A
,
NA537289,N/A
,
NA537290,N/A
,
NA537291,N/A
,
NA537292,N/A
,
NA537293,N/A
,
NA537294,N/A
,
NA537295,N/A
,
NA537296,N/A
,
NA537297,N/A
,
NA537298,N/A
,
NA537299,N/A
,
NA537300,N/A
,
NA537301,N/A
,
NA537302,N/A
,
NA537303,N/A
,
NA537304,N/A
,
NA537305,N/A
,
NA537306,N/A
,
NA537307,N/A
,
NA537308,N/A
,
NA537309,N/A
,
NA537310,N/A
,
NA537311,N/A
,
NA537312,N/A
,
NA537313,N/A
,
NA537314,N/A
,
NA537315,N/A
,
NA537316,N/A
,
NA537317,N/A
,
NA537318,N/A
,
NA537319,N/A
,
NA537320,N/A
,
NA537321,N/A
,
NA537322,N/A
,
NA537323,N/A
,
NA537324,N/A
,
NA537326,N/A
,
NA537327,N/A
,
NA537328,N/A
,
NA537330,N/A
,
NA537332,N/A
,
NA537333,N/A
,
NA537334,N/A
,
NA537335,N/A
,
NA537336,N/A
,
NA537337,N/A
,
NA537338,N/A
,
NA537339,N/A
,
NA537341,N/A
,
NA537343,N/A
,
NA537344,N/A
,
NA537345,N/A
,
NA537346,N/A
,
NA537347,N/A
,
NA537348,N/A
,
NA537349,N/A
,
NA537351,N/A
,
NA537352,N/A
,
NA537353,N/A
,
NA537354,N/A
,
NA537355,N/A
,
NA537357,N/A
,
NA537358,N/A
,
NA537359,N/A
,
NA537360,N/A
,
NA537361,N/A
,
NA537362,N/A
,
NA537363,N/A
,
NA537364,N/A
,
NA537365,N/A
,
NA537366,N/A
,
NA537367,N/A
,
NA537368,N/A
,
NA537369,N/A
,
NA540424,N/A
NA540424,N/A
,
NA540441,N/A
,
NA540442,AS465785
,
NA540443,N/A
,
NA540444,N/A
,
NA540445,N/A
,
NA540446,N/A
,
NA540447,N/A
,
NA540448,N/A
,
NA540449,N/A
,
NA540450,N/A
,
NA540451,N/A
,
NA540452,N/A
,
NA540453,N/A
,
NA540454,N/A
,
NA540455,N/A
,
NA540456,N/A
,
NA540457,N/A
,
NA540458,N/A
,
NA540459,N/A
NA540459,N/A
,
NA540460,N/A
,
NA540461,N/A
,
NA540462,N/A
,
NA540463,N/A
,
NA540464,N/A
,
NA540465,N/A
,
NA540466,N/A
,
NA540467,N/A
,
NA540468,N/A
,
NA540469,N/A
,
NA540470,N/A
,
NA540471,N/A
,
NA540472,N/A
,
NA540473,N/A
,
NA540474,N/A
,
NA540475,N/A
,
NA540476,N/A
,
NA540477,N/A
,
NA540478,N/A
,
NA540479,N/A
,
NA540480,N/A
,
NA540481,N/A
,
NA540482,N/A
,
NA540483,N/A
,
NA540484,N/A
,
NA540485,N/A
,
NA540486,N/A
,
NA540487,N/A
,
NA540488,N/A
,
NA540489,N/A
,
NA540490,N/A
,
NA540491,N/A
,
NA540492,N/A
,
NA540493,N/A
,
NA540494,N/A
,
NA540495,N/A
,
NA540496,N/A
,
NA540497,N/A
,
NA540498,N/A
,
NA540499,N/A
,
NA540500,N/A
,
NA540501,N/A
,
NA540502,N/A
,
NA540503,N/A
,
NA540504,N/A
,
NA540505,N/A
,
NA540507,N/A
,
NA540508,AS465786
NA540508,AS465787
NA540508,AS465788
,
NA540509,N/A
,
NA540510,N/A
,
NA540516,N/A
,
NA540517,N/A
,
NA540518,N/A
,
NA540519,N/A
,
NA540521,N/A
,
NA540522,N/A
,
NA540523,N/A
,
NA540524,N/A
,
NA540525,N/A
,
NA540526,N/A
,
NA540527,N/A
,
NA540528,N/A
,
NA540529,N/A
,
NA540530,N/A
,
NA540531,N/A
,
NA540532,N/A
,
NA540533,N/A
,
NA540534,N/A
,
NA540535,N/A
,
NA540536,N/A
,
NA540537,N/A
,
NA540538,N/A
,
NA540540,N/A
,
NA540541,N/A
,
NA540542,N/A
,
NA540543,N/A
,
NA540544,N/A
,
NA540545,N/A
,
NA540546,N/A
,
NA540547,N/A
,
NA540548,N/A
,
NA540549,N/A
,
NA540550,N/A
,
NA540551,N/A
,
NA540552,N/A
,
NA540553,N/A
,
NA540554,N/A
,
NA540555,N/A
,
NA540556,N/A
,
NA540557,N/A
,
NA540558,N/A
,
NA540559,N/A
,
NA540560,N/A
,
NA540561,N/A
,
NA540562,N/A
,
NA540563,N/A
,
NA540564,N/A
,
NA540565,N/A
,
NA540566,N/A
,
NA540567,N/A
,
NA540568,N/A
NA540568,N/A
NA540568,N/A
,
NA540569,N/A
,
NA540570,N/A
,
NA540571,N/A
,
NA540572,N/A
,
NA540573,N/A
,
NA540574,N/A
,
NA540575,N/A
,
NA540576,N/A
,
NA540577,N/A
,
NA540578,N/A
,
NA540579,N/A
,
NA540580,N/A
,
NA540581,N/A
,
NA540582,N/A
,
NA540583,N/A
,
NA540584,N/A
,
NA540585,N/A
,
NA540586,N/A
,
NA540587,N/A
,
NA540588,N/A
,
NA540589,N/A
,
NA540590,N/A
,
NA540591,N/A
,
NA540592,N/A
,
NA540593,N/A
,
NA540594,N/A
,
NA540595,N/A
,
NA540596,N/A
,
NA540597,N/A
,
NA540598,N/A
,
NA540599,N/A
NA540599,N/A
,
NA540600,N/A
,
NA540601,N/A
,
NA540602,N/A
,
NA540603,N/A
,
NA540604,N/A
,
NA540605,N/A
,
NA540606,N/A
,
NA540607,N/A
,
NA540608,N/A
,
NA540609,N/A
,
NA540610,N/A
,
NA540611,N/A
,
NA540612,N/A
,
NA540613,N/A
,
NA540614,N/A
,
NA540615,N/A
,
NA540616,N/A
,
NA540617,N/A
,
NA540618,N/A
NA540618,N/A
,
NA540619,N/A
,
NA540620,AS465791
,
NA540621,N/A
,
NA540622,N/A
,
NA540623,N/A
,
NA540624,N/A
,
NA540625,N/A
,
NA540626,N/A
,
NA540627,N/A
,
NA540628,N/A
,
NA540629,N/A
,
NA540630,N/A
,
NA540631,N/A
,
NA540632,N/A
,
NA540633,N/A
,
NA540634,N/A
,
NA540635,N/A
,
NA540636,N/A
,
NA540637,N/A
,
NA540638,N/A
,
NA540639,N/A
,
NA540640,N/A
,
NA540641,N/A
,
NA540642,N/A
,
NA540643,N/A
,
NA540644,N/A
,
NA540645,N/A
,
NA540646,N/A
,
NA540647,N/A
,
NA540648,N/A
,
NA540649,N/A
,
NA540650,N/A
,
NA540651,N/A
,
NA540652,N/A
,
NA540653,N/A
,
NA540654,N/A
,
NA540655,AS465792
,
NA540656,N/A
,
NA540657,N/A
,
NA540658,N/A
,
NA540659,N/A
,
NA540660,N/A
,
NA540661,N/A
,
NA540662,N/A
,
NA540663,N/A
,
NA540664,N/A
,
NA540665,N/A
,
NA540666,N/A
,
NA540667,N/A
,
NA540668,N/A
,
NA540669,N/A
,
NA540670,N/A
,
NA540671,N/A
,
NA540672,N/A
,
NA540673,N/A
,
NA540674,N/A
,
NA540675,N/A
,
NA540676,N/A
,
NA540677,N/A
,
NA540678,N/A
,
NA540679,N/A
,
NA540680,N/A
,
NA540681,N/A
,
NA540682,N/A
,
NA540683,N/A
,
NA540684,N/A
,
NA540685,N/A
,
NA540686,N/A
,
NA540687,N/A
,
NA540688,AS465793
,
NA540689,N/A
,
NA540690,N/A
,
NA540691,N/A
,
NA540692,N/A
,
NA540693,AS465794
NA540693,AS465795
,
NA540695,N/A
,
NA540696,N/A
,
NA540697,N/A
,
NA540698,N/A
,
NA540699,N/A
,
NA540700,N/A
,
NA540701,N/A
,
NA540702,N/A
,
NA540703,N/A
,
NA540704,N/A
,
NA540705,N/A
,
NA540706,N/A
,
NA540708,N/A
,
NA540709,N/A
,
NA540710,N/A
,
NA540711,N/A
,
NA540712,N/A
,
NA540713,N/A
,
NA540714,N/A
,
NA540715,N/A
,
NA540716,N/A
,
NA540717,N/A
,
NA540718,N/A
,
NA540719,N/A
,
NA540720,N/A
,
NA540721,N/A
,
NA540722,N/A
,
NA540723,N/A
,
NA540724,N/A
,
NA540725,N/A
,
NA540726,N/A
,
NA540727,N/A
,
NA540728,N/A
,
NA540729,N/A
,
NA540730,N/A
,
NA540731,N/A
,
NA540732,N/A
,
NA540733,N/A
,
NA540734,N/A
,
NA540735,N/A
,
NA540736,N/A
,
NA540737,N/A
,
NA540738,N/A
,
NA540739,N/A
,
NA540740,N/A
,
NA540741,N/A
,
NA540742,N/A
,
NA540743,N/A
,
NA540744,N/A
,
NA540745,N/A
,
NA540746,N/A
,
NA540747,N/A
,
NA540748,N/A
,
NA540749,N/A
,
NA540750,N/A
,
NA540751,N/A
,
NA540752,N/A
,
NA540753,N/A
,
NA540754,N/A
,
NA540755,N/A
,
NA540756,N/A
,
NA540757,N/A
,
NA540758,N/A
,
NA540759,N/A
,
NA540760,N/A
,
NA540761,N/A
,
NA540762,N/A
,
NA540763,N/A
,
NA540764,N/A
,
NA540765,N/A
,
NA540766,N/A
,
NA540767,N/A
,
NA540768,N/A
,
NA540769,N/A
,
NA540770,N/A
,
NA540771,N/A
,
NA540772,N/A
,
NA540773,AS465796
,
NA540774,N/A
,
NA540775,N/A
,
NA540776,N/A
,
NA540777,AS465797
,
NA540778,N/A
,
NA540779,N/A
,
NA540780,N/A
,
NA540781,N/A
,
NA540782,N/A
,
NA540783,AS465798
,
NA540784,N/A
,
NA540785,N/A
,
NA540786,N/A
,
NA540787,N/A
,
NA540788,N/A
,
NA540789,N/A
,
NA540790,N/A
,
NA540791,N/A
,
NA540792,N/A
NA540792,N/A
,
NA540793,N/A
,
NA540794,N/A
NA540794,N/A
,
NA540795,N/A
,
NA540796,N/A
,
NA540797,N/A
,
NA540798,N/A
,
NA540799,N/A
,
NA540800,N/A
,
NA540801,N/A
,
NA540802,N/A
,
NA540803,N/A
,
NA540804,N/A
,
NA540805,N/A
,
NA540806,N/A
,
NA540807,N/A
,
NA540808,N/A
,
NA540810,N/A
,
NA540811,N/A
,
NA540812,N/A
,
NA540813,N/A
,
NA540814,N/A
,
NA540815,N/A
,
NA540816,N/A
,
NA540817,N/A
,
NA540818,N/A
,
NA540819,N/A
,
NA540820,N/A
,
NA540821,N/A
,
NA540822,N/A
,
NA540823,N/A
,
NA540824,N/A
,
NA540825,N/A
,
NA540826,N/A
,
NA540827,N/A
,
NA540828,N/A
,
NA540829,N/A
,
NA540830,N/A
,
NA540831,N/A
,
NA540832,N/A
,
NA540833,N/A
,
NA540834,N/A
,
NA540835,N/A
,
NA540836,N/A
,
NA540837,N/A
,
NA540838,N/A
,
NA540839,N/A
,
NA540841,N/A
,
NA540842,N/A
,
NA540843,N/A
,
NA540844,N/A
,
NA540845,N/A
,
NA540846,N/A
,
NA540847,N/A
,
NA540848,N/A
,
NA540849,N/A
,
NA540850,N/A
,
NA540851,N/A
,
NA540852,N/A
,
NA540853,N/A
,
NA540854,N/A
,
NA540855,N/A
,
NA540856,N/A
,
NA540857,N/A
,
NA540858,N/A
,
NA540859,N/A
,
NA540860,AS465799
,
NA540861,N/A
,
NA540862,N/A
,
NA540863,N/A
,
NA540864,N/A
,
NA540865,N/A
,
NA540867,N/A
,
NA540868,N/A
,
NA540869,N/A
,
NA540870,N/A
,
NA540871,N/A
,
NA540872,N/A
,
NA540873,N/A
,
NA540874,N/A
,
NA540875,N/A
,
NA540876,N/A
,
NA540877,N/A
,
NA540878,N/A
,
NA540879,AS465800
,
NA540880,N/A
,
NA540881,N/A
,
NA540882,N/A
,
NA540883,N/A
,
NA540884,N/A
,
NA540885,N/A
,
NA540886,N/A
,
NA540887,N/A
,
NA540888,N/A
,
NA540889,AS465801
,
NA540890,AS465802
,
NA540891,N/A
,
NA540892,N/A
,
NA540893,N/A
,
NA540894,N/A
,
NA540895,N/A
,
NA540896,N/A
,
NA540897,N/A
,
NA540898,N/A
,
NA540899,N/A
,
NA540900,N/A
,
NA540901,N/A
,
NA540902,N/A
,
NA540903,N/A
,
NA540904,N/A
,
NA540905,N/A
,
NA540906,AS465803
,
NA540907,N/A
,
NA540908,N/A
,
NA540909,N/A
,
NA540910,N/A
,
NA540911,N/A
,
NA540912,N/A
,
NA540913,N/A
,
NA540914,N/A
,
NA540915,N/A
,
NA540916,N/A
,
NA540917,N/A
,
NA540918,N/A
,
NA540919,N/A
,
NA540920,AS465804
,
NA540921,AS465805
,
NA540922,N/A
,
NA540923,N/A
,
NA540924,N/A
,
NA540925,N/A
,
NA540926,N/A
,
NA540927,N/A
,
NA540928,N/A
,
NA540929,N/A
,
NA540930,N/A
,
NA540931,N/A
,
NA540932,N/A
,
NA540933,N/A
,
NA540934,N/A
,
NA540935,N/A
,
NA540936,N/A
,
NA540937,N/A
,
NA540938,N/A
,
NA540939,N/A
,
NA540940,N/A
,
NA540941,N/A
,
NA540942,N/A
,
NA540943,N/A
,
NA540944,N/A
,
NA540945,N/A
,
NA540946,N/A
,
NA540947,N/A
,
NA540948,N/A
,
NA540949,N/A
,
NA540950,N/A
,
NA540951,N/A
,
NA540952,N/A
,
NA540953,N/A
,
NA540954,N/A
,
NA540955,N/A
,
NA540956,N/A
,
NA540957,N/A
,
NA540958,N/A
,
NA540959,AS465806
,
NA540960,AS465807
,
NA540961,N/A
,
NA540962,N/A
,
NA540963,N/A
,
NA540964,N/A
,
NA540965,N/A
,
NA540966,N/A
,
NA540967,AS465808
NA540967,AS465809
,
NA540968,AS465810
,
NA540969,N/A
,
NA540970,N/A
,
NA540971,N/A
,
NA540972,N/A
,
NA540973,N/A
,
NA540974,N/A
,
NA540975,N/A
,
NA540976,N/A
,
NA540977,N/A
,
NA540978,N/A
,
NA540979,N/A
,
NA540980,N/A
,
NA540981,N/A
,
NA540982,N/A
,
NA540983,N/A
,
NA540984,N/A
,
NA540985,N/A
,
NA540986,N/A
,
NA540987,N/A
,
NA540988,N/A
,
NA540989,N/A
,
NA540990,N/A
,
NA540991,N/A
,
NA540992,N/A
,
NA540993,N/A
,
NA540994,N/A
,
NA540995,N/A
,
NA540996,N/A
,
NA540997,N/A
,
NA540998,N/A
,
NA540999,N/A
,
NA541000,N/A
,
NA541001,N/A
,
NA541002,N/A
,
NA541003,N/A
,
NA541004,N/A
,
NA541005,N/A
,
NA541006,N/A
,
NA541007,AS465811
,
NA541008,N/A
,
NA541009,N/A
,
NA541010,N/A
,
NA541011,N/A
,
NA541012,N/A
,
NA541013,N/A
,
NA541014,N/A
,
NA541015,N/A
,
NA541016,N/A
,
NA541017,N/A
,
NA541018,N/A
,
NA541019,N/A
,
NA541020,N/A
,
NA541021,AS464492
NA541021,AS464493
,
NA541022,AS465812
,
NA541023,N/A
,
NA541024,N/A
,
NA541025,N/A
,
NA541026,N/A
,
NA541027,N/A
,
NA541028,N/A
,
NA541029,N/A
,
NA541030,N/A
,
NA541031,N/A
,
NA541032,N/A
,
NA541033,N/A
,
NA541034,N/A
,
NA541035,N/A
,
NA541036,N/A
,
NA541037,N/A
,
NA541038,N/A
,
NA541039,N/A
,
NA541040,N/A
,
NA541041,N/A
,
NA541042,N/A
,
NA541043,N/A
,
NA541044,N/A
,
NA541045,N/A
,
NA541046,N/A
,
NA541047,N/A
,
NA541048,N/A
,
NA541049,N/A
,
NA541050,N/A
,
NA541051,N/A
,
NA541052,N/A
,
NA541053,N/A
,
NA541054,N/A
,
NA541055,N/A
,
NA541057,N/A
,
NA541058,N/A
,
NA541059,N/A
,
NA541060,AS465813
,
NA541061,N/A
,
NA541062,N/A
,
NA541063,N/A
,
NA541064,N/A
,
NA541065,AS465814
NA541065,AS465815
NA541065,AS465816
,
NA541066,N/A
,
NA541067,N/A
,
NA541068,AS465817
,
NA541069,N/A
,
NA541070,N/A
,
NA541071,N/A
,
NA541072,N/A
,
NA541073,AS465818
,
NA541074,N/A
,
NA541075,AS465819
,
NA541076,N/A
,
NA541077,N/A
,
NA541078,AS465820
,
NA541079,N/A
,
NA541080,N/A
,
NA541081,N/A
,
NA541082,N/A
,
NA541083,N/A
,
NA541084,N/A
,
NA541085,N/A
,
NA541086,N/A
,
NA541087,N/A
,
NA541088,N/A
,
NA541090,N/A
,
NA541091,N/A
,
NA541092,N/A
,
NA541093,N/A
,
NA541094,N/A
,
NA541095,N/A
,
NA541096,N/A
,
NA541097,N/A
,
NA541098,N/A
,
NA541099,N/A
,
NA541100,N/A
,
NA541101,N/A
,
NA541105,N/A
,
NA541106,N/A
,
NA541107,N/A
,
NA541108,N/A
,
NA541109,N/A
,
NA541110,N/A
,
NA541111,N/A
,
NA541112,N/A
,
NA541113,N/A
,
NA541114,N/A
,
NA541115,N/A
,
NA541116,N/A
,
NA541117,N/A
,
NA541118,N/A
,
NA541119,N/A
,
NA541120,N/A
,
NA541121,N/A
,
NA541122,N/A
,
NA541123,N/A
,
NA541124,N/A
,
NA541126,N/A
,
NA541127,N/A
,
NA541128,N/A
,
NA541129,N/A
,
NA541130,N/A
,
NA541131,N/A
,
NA541132,N/A
,
NA541133,N/A
,
NA541134,N/A
,
NA541135,N/A
,
NA541136,N/A
,
NA541137,N/A
,
NA541138,N/A
,
NA541139,N/A
,
NA541140,N/A
,
NA541141,N/A
,
NA541142,N/A
,
NA541143,N/A
,
NA541144,N/A
,
NA541145,N/A
,
NA541146,N/A
,
NA541147,N/A
,
NA541148,N/A
,
NA541149,N/A
,
NA541150,N/A
,
NA541151,N/A
,
NA541152,N/A
,
NA541153,N/A
,
NA541154,AS465821
,
NA541155,N/A
,
NA541156,N/A
,
NA541157,N/A
,
NA541158,N/A
,
NA541159,N/A
,
NA541160,N/A
,
NA541161,N/A
,
NA541162,N/A
,
NA541163,N/A
,
NA541164,N/A
,
NA541165,N/A
,
NA541166,N/A
,
NA541167,N/A
,
NA541168,N/A
,
NA541169,N/A
,
NA541170,N/A
,
NA541171,N/A
,
NA541172,N/A
,
NA541173,N/A
,
NA541174,N/A
,
NA541175,AS465822
NA541175,AS465823
,
NA541176,N/A
NA541176,N/A
,
NA541177,N/A
,
NA541178,N/A
,
NA541179,N/A
,
NA541180,N/A
,
NA541181,N/A
,
NA541182,N/A
,
NA541183,N/A
,
NA541184,N/A
,
NA541185,N/A
,
NA541186,AS465824
,
NA541187,N/A
,
NA541188,N/A
NA541188,N/A
,
NA541189,N/A
NA541189,N/A
,
NA541190,N/A
,
NA541191,N/A
,
NA541192,N/A
,
NA541193,N/A
,
NA541194,N/A
,
NA541195,N/A
,
NA541196,N/A
,
NA541197,N/A
,
NA541198,N/A
,
NA541199,N/A
,
NA541200,N/A
,
NA541201,N/A
,
NA541202,N/A
,
NA541203,N/A
,
NA541204,N/A
,
NA541205,N/A
,
NA541206,N/A
,
NA541207,N/A
,
NA541208,N/A
,
NA541209,N/A
,
NA541210,N/A
,
NA541211,N/A
,
NA541212,N/A
,
NA541213,N/A
,
NA541214,N/A
,
NA541215,N/A
,
NA541216,N/A
,
NA541217,N/A
,
NA541218,N/A
,
NA541219,N/A
,
NA541220,N/A
,
NA541221,N/A
,
NA541222,N/A
,
NA541223,N/A
,
NA541224,N/A
,
NA541225,N/A
,
NA541226,N/A
,
NA541227,N/A
,
NA541228,N/A
,
NA541229,N/A
,
NA541230,N/A
,
NA541231,N/A
,
NA541232,N/A
,
NA541233,N/A
,
NA541234,N/A
,
NA541235,N/A
,
NA541236,N/A
,
NA541237,N/A
,
NA541238,N/A
,
NA541239,N/A
,
NA541240,AS465825
NA541240,AS465826
NA541240,AS465827
NA541240,AS465828
NA541240,AS465829
NA541240,AS465830
NA541240,AS465831
,
NA541243,N/A
,
NA541244,N/A
,
NA541245,N/A
,
NA541246,N/A
,
NA541247,N/A
,
NA541248,N/A
,
NA541249,N/A
,
NA541250,N/A
,
NA541251,N/A
,
NA541252,N/A
,
NA541253,N/A
,
NA541254,N/A
,
NA541255,N/A
,
NA541256,N/A
,
NA541257,N/A
,
NA541258,N/A
,
NA541259,N/A
,
NA541260,N/A
,
NA541261,N/A
,
NA541262,N/A
,
NA541263,N/A
,
NA541264,N/A
,
NA541265,N/A
,
NA541266,N/A
,
NA541267,N/A
,
NA541268,N/A
,
NA541269,N/A
,
NA541270,N/A
,
NA541271,N/A
,
NA541272,N/A
,
NA541273,N/A
,
NA541274,N/A
,
NA541275,N/A
,
NA541276,N/A
,
NA541277,N/A
,
NA541278,N/A
,
NA541279,N/A
,
NA541280,N/A
,
NA541281,N/A
,
NA541282,N/A
,
NA541283,N/A
,
NA541284,N/A
,
NA541285,N/A
,
NA541286,N/A
,
NA541287,N/A
,
NA541288,N/A
,
NA541289,N/A
,
NA541290,N/A
,
NA541291,N/A
,
NA541292,N/A
,
NA541293,N/A
,
NA541294,N/A
,
NA541295,AS465832
,
NA541296,N/A
,
NA541297,N/A
,
NA541299,N/A
,
NA541300,N/A
,
NA541301,N/A
,
NA541302,N/A
,
NA541303,N/A
,
NA541304,N/A
,
NA541305,N/A
,
NA541306,N/A
,
NA541307,N/A
,
NA541308,N/A
,
NA541309,N/A
,
NA541310,N/A
,
NA541311,N/A
,
NA541312,N/A
,
NA541313,N/A
,
NA541314,N/A
,
NA541315,N/A
,
NA541316,N/A
,
NA541317,N/A
,
NA541318,N/A
,
NA541319,N/A
,
NA541320,N/A
,
NA541321,N/A
,
NA541322,N/A
,
NA541323,N/A
,
NA541324,N/A
,
NA541325,N/A
,
NA541326,N/A
,
NA541327,N/A
,
NA541328,N/A
,
NA541329,N/A
,
NA541330,N/A
,
NA541331,N/A
,
NA541332,N/A
,
NA541333,N/A
,
NA541334,N/A
,
NA541335,N/A
,
NA541336,N/A
,
NA541337,N/A
,
NA541338,N/A
,
NA541339,N/A
,
NA541340,N/A
,
NA541341,N/A
,
NA541342,N/A
,
NA541343,AS465833
,
NA541344,N/A
,
NA541345,N/A
,
NA541346,N/A
,
NA541347,N/A
,
NA541348,N/A
,
NA541349,N/A
,
NA541350,N/A
,
NA541351,N/A
,
NA541352,N/A
,
NA541353,N/A
,
NA541354,N/A
,
NA541355,N/A
,
NA541356,N/A
,
NA541357,N/A
,
NA541358,N/A
,
NA541359,N/A
,
NA541360,N/A
,
NA541361,N/A
,
NA541362,N/A
,
NA541363,N/A
,
NA541364,N/A
,
NA541365,N/A
,
NA541366,N/A
,
NA541367,N/A
,
NA541369,N/A
,
NA541370,N/A
,
NA541371,N/A
,
NA541372,N/A
,
NA541373,N/A
,
NA541374,N/A
,
NA541375,N/A
,
NA541376,N/A
,
NA541377,N/A
,
NA541378,N/A
,
NA541379,N/A
,
NA541380,N/A
,
NA541381,N/A
,
NA541382,N/A
,
NA541383,AS465834
,
NA541384,N/A
,
NA541385,N/A
,
NA541386,N/A
,
NA541387,N/A
,
NA541388,N/A
,
NA541389,N/A
,
NA541390,N/A
,
NA541391,N/A
,
NA541392,N/A
,
NA541393,N/A
,
NA541394,N/A
,
NA541395,N/A
,
NA541396,N/A
,
NA541397,N/A
,
NA541398,N/A
,
NA541399,N/A
,
NA541400,N/A
,
NA541401,N/A
,
NA541402,N/A
,
NA541403,N/A
,
NA541404,N/A
,
NA541405,N/A
,
NA541406,N/A
,
NA541407,N/A
,
NA541408,N/A
,
NA541409,N/A
,
NA541410,N/A
,
NA541411,N/A
,
NA541412,N/A
,
NA541413,N/A
,
NA541414,N/A
,
NA541415,N/A
,
NA541416,N/A
,
NA541417,N/A
,
NA541424,N/A
,
NA541425,N/A
,
NA541426,N/A
,
NA541427,N/A
,
NA541428,N/A
,
NA541429,N/A
,
NA541431,N/A
,
NA541432,N/A
,
NA541433,N/A
,
NA541439,N/A
,
NA541440,N/A
,
NA541441,N/A
,
NA541442,N/A
,
NA541443,N/A
,
NA541444,N/A
,
NA541445,N/A
,
NA541446,N/A
,
NA541447,N/A
,
NA541448,N/A
,
NA541449,N/A
,
NA541450,N/A
,
NA541451,N/A
,
NA541452,N/A
,
NA541453,N/A
,
NA541454,N/A
,
NA541455,N/A
,
NA541456,N/A
,
NA541457,N/A
,
NA541458,N/A
,
NA541459,N/A
,
NA541460,N/A
,
NA541461,N/A
,
NA541462,N/A
,
NA541463,N/A
,
NA541464,N/A
,
NA541465,N/A
,
NA541466,N/A
,
NA541467,N/A
,
NA541479,N/A
,
NA541480,N/A
,
NA541481,AS465835
NA541481,AS465836
,
NA541482,N/A
,
NA541483,N/A
,
NA541484,N/A
,
NA541485,N/A
,
NA541486,N/A
,
NA541487,N/A
,
NA541488,N/A
,
NA541489,N/A
,
NA541490,N/A
,
NA541492,N/A
,
NA541493,N/A
,
NA541494,N/A
,
NA541495,N/A
,
NA541496,N/A
,
NA541497,N/A
,
NA541498,N/A
,
NA541499,N/A
,
NA541500,N/A
,
NA541501,N/A
,
NA541502,N/A
,
NA541503,N/A
,
NA541504,N/A
,
NA541505,N/A
,
NA541506,N/A
,
NA541507,N/A
,
NA541508,N/A
,
NA541509,N/A
,
NA541510,AS465837
NA541510,AS465838
NA541510,AS465839
NA541510,AS465840
,
NA541511,N/A
,
NA541512,N/A
,
NA541513,N/A
,
NA541514,N/A
,
NA541515,N/A
,
NA541516,N/A
,
NA541517,N/A
,
NA542243,AS470160
NA542243,AS470178
,
NA542244,AS470161
NA542244,AS470179
,
NA542245,AS470163
NA542245,AS470181
,
NA542246,AS470180
NA542246,AS470162
,
NA542247,AS470182
NA542247,AS470164
,
NA542248,AS470186
NA542248,AS470168
,
NA542249,AS470169
,
NA542250,AS470170
NA542250,AS470187
,
NA542251,AS470183
NA542251,AS470165
,
NA542266,AS470185
NA542266,AS470167
,
NA542267,AS470172
NA542267,AS470189
,
NA542268,AS470173
NA542268,AS470190
,
NA542275,AS470166
NA542275,AS470184
NA542275,AS470166
NA542275,AS470184
,
NA542283,AS470188
NA542283,AS470171
,
NA542284,AS470174
NA542284,AS470191
,
NA542327,AS470176
NA542327,AS470193
,
NA542332,AS470175
NA542332,AS470192
,
NA542380,N/A
,
NA542534,N/A
,
NA542554,N/A
,
NA546124,N/A
,
NA546167,N/A
